{
"apiVersion": "V1",
"assemblies": [
{
  "files": [
    {
      "filePath": "assembly_data_report.jsonl",
      "fileType": "DATA_REPORT"
    }
  ]
},{
  "accession": "GCF_020736505.1",
  "files": [
    {
      "filePath": "GCF_020736505.1/GCF_020736505.1_Altro1_genomic.fna",
      "fileType": "GENOMIC_NUCLEOTIDE_FASTA"
    },
    {
      "filePath": "GCF_020736505.1/genomic.gbff",
      "fileType": "GENBANK_FLAT_FILE"
    },
    {
      "filePath": "GCF_020736505.1/genomic.gtf",
      "fileType": "GTF"
    },
    {
      "filePath": "GCF_020736505.1/sequence_report.jsonl",
      "fileType": "SEQUENCE_REPORT"
    }
  ]
}]}
